{
  "users": [
    {
      "id": 1,
      "username": "alex_prog",
      "password": "pass123",
      "email": "alex@example.com",
      "fullName": "Алексей Программистов",
      "userType": "Программист",
      "interests": ["Дизайнер", "Маркетолог"],
      "bio": "Full-stack разработчик, ищу дизайнера для создания мобильного приложения",
      "skills": ["JavaScript", "React", "Node.js"],
      "likedUsers": [2, 3],
      "dislikedUsers": [4],
      "matches": [2]
    },
    {
      "id": 2,
      "username": "anna_design",
      "password": "pass123",
      "email": "anna@example.com",
      "fullName": "Анна Дизайнерова",
      "userType": "Дизайнер",
      "interests": ["Программист", "Менеджер"],
      "bio": "UI/UX дизайнер с опытом в мобильных приложениях",
      "skills": ["Figma", "Photoshop", "Illustrator"],
      "likedUsers": [1, 3],
      "dislikedUsers": [],
      "matches": [1]
    },
    {
      "id": 3,
      "username": "max_market",
      "password": "pass123",
      "email": "max@example.com",
      "fullName": "Максим Маркетологов",
      "userType": "Маркетолог",
      "interests": ["Программист", "Дизайнер"],
      "bio": "Digital маркетолог, помогаю продвигать IT-продукты",
      "skills": ["SMM", "Аналитика", "Копирайтинг"],
      "likedUsers": [1],
      "dislikedUsers": [4],
      "matches": []
    },
    {
      "id": 4,
      "username": "ivan_engineer",
      "password": "pass123",
      "email": "ivan@example.com",
      "fullName": "Иван Инженеров",
      "userType": "Инженер",
      "interests": ["Математик", "Программист"],
      "bio": "Инженер-конструктор, разрабатываю IoT устройства",
      "skills": ["SolidWorks", "Arduino", "3D-моделирование"],
      "likedUsers": [],
      "dislikedUsers": [],
      "matches": []
    },
    {
      "id": 5,
      "username": "olga_math",
      "password": "pass123",
      "email": "olga@example.com",
      "fullName": "Ольга Математикова",
      "userType": "Математик",
      "interests": ["Программист", "Инженер"],
      "bio": "Математик, специализируюсь на анализе данных и машинном обучении",
      "skills": ["Python", "Статистика", "Машинное обучение"],
      "likedUsers": [],
      "dislikedUsers": [],
      "matches": []
    }
  ],
  "currentUser": null
}