{
  "users": [
    {
      "id": 1,
      "username": "ilyhaderensky",
      "password": "mji13003",
      "email": "ilyhaderensky@yandex.ru",
      "fullName": "ILYSHKA",
      "userType": "Программист",
      "interests": [
        "Программист",
        "Дизайнер",
        "Математик",
        "Аналитик",
        "Инженер",
        "Маркетолог",
        "Другое"
      ],
      "bio": "программист и хороший человек нет войне",
      "skills": [],
      "likedUsers": [],
      "dislikedUsers": [
        2
      ],
      "matches": []
    },
    {
      "id": 2,
      "username": "polll",
      "password": "mji13003",
      "email": "kogtevran@h.com",
      "fullName": "Polumna",
      "userType": "Программист",
      "interests": [
        "Программист",
        "Инженер",
        "Математик"
      ],
      "bio": "",
      "skills": [],
      "likedUsers": [
        1
      ],
      "dislikedUsers": [],
      "matches": []
    },
    {
      "id": 3,
      "username": "ilyhhhhh",
      "password": "mji13003",
      "email": "gggg@gm.com",
      "fullName": "ilyha",
      "userType": "Программист",
      "interests": [
        "Программист"
      ],
      "bio": "",
      "skills": [],
      "likedUsers": [],
      "dislikedUsers": [],
      "matches": []
    }
  ],
  "currentUser": {
    "id": 3,
    "username": "ilyhhhhh",
    "password": "mji13003",
    "email": "gggg@gm.com",
    "fullName": "ilyha",
    "userType": "Программист",
    "interests": [
      "Программист"
    ],
    "bio": "",
    "skills": [],
    "likedUsers": [],
    "dislikedUsers": [],
    "matches": []
  }
}